{
    "metrics": {
        "http_req_receiving": {
            "avg": 0.132079268292683,
            "min": 0.019,
            "med": 0.05,
            "max": 2.357,
            "p(90)": 0.32720000000000005,
            "p(95)": 0.5468499999999998
        },
        "iteration_duration": {
            "p(95)": 1741.2638499999996,
            "avg": 637.9965449512198,
            "min": 229.266292,
            "med": 340.3563125,
            "max": 2912.223958,
            "p(90)": 1370.3886499
        },
        "data_sent": {
            "count": 12758,
            "rate": 1118.7781448381868
        },
        "iterations": {
            "count": 164,
            "rate": 14.381534390457958
        },
        "http_req_sending": {
            "med": 0.055,
            "max": 1.156,
            "p(90)": 0.0787,
            "p(95)": 0.09424999999999996,
            "avg": 0.07009146341463408,
            "min": 0.022
        },
        "http_req_failed": {
            "passes": 0,
            "fails": 164,
            "value": 0
        },
        "vus": {
            "value": 2,
            "min": 2,
            "max": 10
        },
        "http_req_tls_handshaking": {
            "p(95)": 604.0364,
            "avg": 37.33282317073171,
            "min": 0,
            "med": 0,
            "max": 621.479,
            "p(90)": 0
        },
        "http_req_waiting": {
            "p(90)": 1313.2086000000002,
            "p(95)": 1616.68095,
            "avg": 579.2777499999997,
            "min": 229.048,
            "med": 284.7675,
            "max": 2912
        },
        "http_reqs": {
            "count": 164,
            "rate": 14.381534390457958
        },
        "http_req_duration": {
            "avg": 579.4799207317072,
            "min": 229.15,
            "med": 284.885,
            "max": 2912.11,
            "p(90)": 1313.3014,
            "p(95)": 1617.0087999999998
        },
        "http_req_connecting": {
            "max": 318.832,
            "p(90)": 0,
            "p(95)": 316.70815,
            "avg": 19.338756097560978,
            "min": 0,
            "med": 0
        },
        "checks": {
            "passes": 164,
            "fails": 0,
            "value": 1
        },
        "data_received": {
            "count": 115644,
            "rate": 10141.086360061709
        },
        "http_req_blocked": {
            "p(90)": 0.001,
            "p(95)": 949.3735499999999,
            "avg": 58.3082256097562,
            "min": 0,
            "med": 0.001,
            "max": 964.56
        },
        "vus_max": {
            "min": 10,
            "max": 10,
            "value": 10
        },
        "http_req_duration{expected_response:true}": {
            "med": 284.885,
            "max": 2912.11,
            "p(90)": 1313.3014,
            "p(95)": 1617.0087999999998,
            "avg": 579.4799207317072,
            "min": 229.15
        }
    },
    "root_group": {
        "name": "",
        "path": "",
        "id": "d41d8cd98f00b204e9800998ecf8427e",
        "groups": {},
        "checks": {
                "status is 200": {
                    "fails": 0,
                    "name": "status is 200",
                    "path": "::status is 200",
                    "id": "6210a8cd14cd70477eba5c5e4cb3fb5f",
                    "passes": 164
                }
            }
    }
}