{
    "root_group": {
        "name": "",
        "path": "",
        "id": "d41d8cd98f00b204e9800998ecf8427e",
        "groups": {},
        "checks": {
                "status is 200": {
                    "name": "status is 200",
                    "path": "::status is 200",
                    "id": "6210a8cd14cd70477eba5c5e4cb3fb5f",
                    "passes": 45,
                    "fails": 2
                }
            }
    },
    "metrics": {
        "http_req_waiting": {
            "min": 246.128,
            "med": 1976.448,
            "max": 5514.865,
            "p(90)": 4353.9556,
            "p(95)": 5016.1479,
            "avg": 2283.6457446808513
        },
        "vus_max": {
            "value": 10,
            "min": 10,
            "max": 10
        },
        "http_req_sending": {
            "avg": 0.13772340425531912,
            "min": 0.039,
            "med": 0.06,
            "max": 1.714,
            "p(90)": 0.13260000000000002,
            "p(95)": 0.17219999999999994
        },
        "http_req_duration{expected_response:true}": {
            "avg": 2358.8383555555556,
            "min": 246.297,
            "med": 2115.553,
            "max": 5514.98,
            "p(90)": 4376.5766,
            "p(95)": 5041.761399999999
        },
        "http_req_receiving": {
            "avg": 0.16617021276595745,
            "min": 0.049,
            "med": 0.118,
            "max": 1.006,
            "p(90)": 0.27140000000000003,
            "p(95)": 0.2833
        },
        "iterations": {
            "count": 47,
            "rate": 3.072293417356418
        },
        "iteration_duration": {
            "max": 5515.086583,
            "p(90)": 4546.201891800001,
            "p(95)": 5209.1893712,
            "avg": 2465.78474387234,
            "min": 246.420583,
            "med": 2207.956292
        },
        "http_req_blocked": {
            "avg": 181.1794680851065,
            "min": 0,
            "med": 0.001,
            "max": 874.959,
            "p(90)": 851.03,
            "p(95)": 859.9784999999999
        },
        "data_sent": {
            "count": 7601,
            "rate": 496.861750326088
        },
        "data_received": {
            "count": 75762,
            "rate": 4952.406252888446
        },
        "http_req_tls_handshaking": {
            "avg": 111.13431914893619,
            "min": 0,
            "med": 0,
            "max": 531.702,
            "p(90)": 523.856,
            "p(95)": 529.3952
        },
        "http_req_failed": {
            "passes": 2,
            "fails": 45,
            "value": 0.0425531914893617
        },
        "http_req_connecting": {
            "med": 0,
            "max": 271.295,
            "p(90)": 253.1982,
            "p(95)": 255.9758,
            "avg": 54.25965957446808,
            "min": 0
        },
        "vus": {
            "value": 1,
            "min": 1,
            "max": 10
        },
        "http_req_duration": {
            "p(90)": 4354.2104,
            "p(95)": 5016.3961,
            "avg": 2283.9496382978723,
            "min": 246.297,
            "med": 1976.604,
            "max": 5514.98
        },
        "checks": {
            "passes": 45,
            "fails": 2,
            "value": 0.9574468085106383
        },
        "http_reqs": {
            "count": 47,
            "rate": 3.072293417356418
        }
    }
}